post_id,post_date,is_published,email_sent_at,inbox_sent_at,type,audience,title,subtitle,podcast_url
200988902.why-we-get-in-our-own-way,2026-06-09T20:15:53.348Z,true,2026-06-09T20:15:53.475Z,2026-06-09T20:15:53.475Z,newsletter,everyone,Why We Get In Our Own Way,"Understanding self-defeating behavior, why it persists, and how to start responding differently",
200257815.exercise-snacks,2026-06-02T15:40:37.598Z,true,2026-06-02T15:40:37.772Z,2026-06-02T15:40:37.772Z,newsletter,everyone,Exercise Snacks,The psychology of making movement easier to start,
199448532.why-typos-hide-in-plain-sight,2026-05-27T17:30:15.271Z,true,2026-05-27T17:30:15.438Z,2026-05-27T17:30:15.438Z,newsletter,everyone,Why Typos Hide In Plain Sight,Why your mind sometimes sees what should be there instead of what’s actually on the page.,
198420379.before-they-were-sins-they-were-thoughts,2026-05-20T18:00:03.593Z,true,2026-05-20T18:00:03.772Z,2026-05-20T18:00:03.772Z,newsletter,everyone,"Before They Were Sins, They Were Thoughts","Evagrius Ponticus’s eight thoughts offer a surprisingly useful way to think about impulse, self-reflection, and the space between feeling and response.",
197323962.why-we-waste-time-on-trivial-things,2026-05-13T11:48:20.643Z,true,2026-05-13T11:48:20.799Z,2026-05-13T11:48:20.799Z,newsletter,everyone,Why We Waste Time on Trivial Things,Exploring the psychology of bikeshedding,
196788172.da6,,false,,,adhoc_email,only_paid,,,
196532974.ai-is-already-changing-therapy-the,2026-05-05T14:31:52.671Z,true,2026-05-05T14:31:52.860Z,2026-05-05T14:31:52.860Z,newsletter,everyone,AI Is Already Changing Therapy. The Real Question Is How It Should Be Used,"A psychologist at the forefront of AI in mental health, Rosie Chapple offers a real-world perspective on how AI is being built into clinical practice",
196202897.the-psychological-benefits-of-reading,2026-05-02T18:10:25.726Z,true,2026-05-02T18:10:25.866Z,2026-05-02T18:10:25.866Z,newsletter,everyone,The Psychological Benefits of Reading Fiction,"The standard claim, the research that challenges it, and where the evidence actually points",
195878467.the-truth-about-the-lie-detector-1a0,2026-04-29T15:32:59.250Z,true,2026-04-29T15:32:59.398Z,2026-04-29T15:32:59.398Z,newsletter,everyone,The Truth About The Lie Detector Test,"The polygraph, the psychologist whose work shaped it, and the surprising link to Wonder Woman.",
195429427.desmond-morris-19282026,2026-04-25T14:11:52.997Z,true,2026-04-25T14:11:53.164Z,2026-04-25T14:11:53.164Z,newsletter,everyone,Desmond Morris (1928–2026),"Remembering Desmond Morris, the zoologist who reshaped how we understand human behavior",
194893926.concept-creep-when-psychological,2026-04-22T16:15:05.423Z,true,2026-04-22T16:15:05.568Z,2026-04-22T16:15:05.568Z,newsletter,everyone,Concept Creep: When Psychological Terms Expand Beyond Their Meaning,"What happens when clinical concepts stretch into everyday life, and how that shift both helps and harms how we understand mental health",
194595018.the-psychology-of-the-aphorism,2026-04-19T15:00:06.728Z,true,2026-04-19T15:00:06.900Z,2026-04-19T15:00:06.900Z,newsletter,everyone,The Psychology of the Aphorism,"Why short, seemingly wise sayings can open the mind or close it down",
194050858.what-happens-when-two-people-share,2026-04-14T14:03:29.842Z,true,2026-04-14T14:03:30.049Z,2026-04-14T14:03:30.049Z,newsletter,everyone,What Happens When Two People Share the Same Madness?,The psychology of folie à deux explained,
193788618.making-friends-as-an-adult-is-hard,2026-04-11T13:36:55.155Z,true,2026-04-11T13:36:55.333Z,2026-04-11T13:36:55.333Z,newsletter,everyone,Making Friends as an Adult is Hard,Why it matters and what you can do about it,
193455293.do-you-ever-wonder-about-the-lives,2026-04-07T15:08:12.494Z,true,2026-04-07T15:08:12.650Z,2026-04-07T15:08:12.650Z,newsletter,everyone,Do You Ever Wonder About the Lives of Strangers?,"The psychology of sonder, and what to do with it",
192975821.bf-skinner-and-carl-rogers-the-debate,2026-04-03T13:03:38.418Z,true,2026-04-03T13:03:38.578Z,2026-04-03T13:03:38.578Z,newsletter,everyone,B.F. Skinner and Carl Rogers: The Debate That Still Matters,"Two of the most eminent psychologists of the 20th century go head to head on control, freedom, and what it means to be human",
192750928.i-can-read-you-like-a-book-433,2026-03-31T18:35:23.664Z,true,2026-03-31T18:35:23.849Z,2026-03-31T18:35:23.849Z,newsletter,everyone,I Can Read You Like A Book,Why a stranger can seem to know you eerily well,
192404552.why-we-always-expect-the-worst,2026-03-28T19:45:41.456Z,true,2026-03-28T19:45:41.627Z,2026-03-28T19:45:41.627Z,newsletter,everyone,Why We Always Expect the Worst,The psychology of catastrophizing,
192326643.grow-your-substack-with-all-about,2026-03-27T17:11:29.441Z,true,,,page,everyone,Give Your Writing the Attention it Deserves,,
191970475.the-fear-of-getting-older,2026-03-24T15:26:36.602Z,true,2026-03-24T15:26:36.737Z,2026-03-24T15:26:36.737Z,newsletter,everyone,The Fear of Getting Older,"The science of aging anxiety, and the paradox at the heart of it.",
191471707.brain-rot,2026-03-20T14:31:23.906Z,true,2026-03-20T14:31:24.083Z,2026-03-20T14:31:24.083Z,newsletter,everyone,Brain Rot,"From Plato to TikTok: the anxiety about technology rotting our minds is older than you think, and the science is considerably more nuanced than the headlines suggest.",
191114496.jamais-vu-the-strange-opposite-of,2026-03-17T15:03:03.972Z,true,2026-03-17T15:03:04.311Z,2026-03-17T15:03:04.311Z,newsletter,everyone,Jamais Vu: The Strange Opposite of Déjà Vu,When the familiar suddenly feels unfamiliar.,
190740572.would-you-go-along-with-the-crowd,2026-03-13T14:31:16.222Z,true,2026-03-13T14:31:16.330Z,2026-03-13T14:31:16.330Z,newsletter,everyone,Would You Go Along With The Crowd Even If You Knew They Were Wrong?,Solomon Asch’s famous conformity experiment revealed just how powerful social pressure can be.,
190310333.you-made-fewer-decisions-today-than,2026-03-10T06:01:31.552Z,true,2026-03-10T06:01:31.666Z,2026-03-10T06:01:31.666Z,newsletter,everyone,You Made Fewer Decisions Today Than You Think,"A new study found that two thirds of our daily actions are triggered by habit, not choice. Here's what that actually means.",
190192256.the-freudjung-split-when-psychoanalysis,2026-03-07T16:15:06.151Z,true,2026-03-07T16:15:06.292Z,2026-03-07T16:15:06.292Z,newsletter,everyone,The Freud–Jung Split: When Psychoanalysis Fractured,"The story of their first meeting, their dramatic break, and a classic 1925 article reflecting on the rift between them.",
189689325.can-ai-soften-grief,2026-03-03T15:00:03.152Z,true,2026-03-03T15:00:03.259Z,2026-03-03T15:00:03.259Z,newsletter,everyone,Can AI Soften Grief?,"What psychology says about continuing bonds, loss, and “forever”",
189459824.when-faces-turn-monstrous,2026-02-28T20:04:45.674Z,true,2026-02-28T20:04:45.817Z,2026-02-28T20:04:45.817Z,newsletter,everyone,When Faces Turn Monstrous,The Flashed Face Distortion Effect and what illusions reveal about how we really see,
189046601.why-do-we-seek-comfort,2026-02-25T17:09:37.574Z,true,2026-02-25T17:09:37.758Z,2026-02-25T17:09:37.758Z,newsletter,everyone,Why Do We Seek Comfort?,"Punch the monkey, Harlow’s experiments, and what attachment theory still teaches us",
188709769.psychology-classics-heredity-environment,2026-02-21T15:19:16.102Z,true,2026-02-21T15:19:16.233Z,2026-02-21T15:19:16.233Z,newsletter,everyone,"Psychology Classics: Heredity, Environment, and the Question ‘How?",A landmark re-examination of the nature–nurture debate and the mechanisms of behavioral development,
188032870.why-do-we-love-superheroes,2026-02-17T09:48:55.060Z,true,2026-02-17T09:48:55.197Z,2026-02-17T09:48:55.197Z,newsletter,everyone,Why Do We Love Superheroes?,"The Psychology Behind Justice, Trauma, Belonging, and the Stories We Can’t Let Go Of",
187614109.to-get-closer-with-anyone-do-this,2026-02-12T15:58:09.158Z,true,2026-02-12T15:58:09.294Z,2026-02-12T15:58:09.294Z,newsletter,everyone,"To Get Closer With Anyone, Do This.",What Arthur Aron’s 36 questions were really designed to test,
187194372.anthropomorphism,2026-02-08T15:20:14.992Z,true,2026-02-08T15:20:15.179Z,2026-02-08T15:20:15.179Z,newsletter,everyone,Anthropomorphism,"Why humans keep seeing intention, meaning, and emotion in nonhuman things",
186970643.an-interview-with-dr-jody-carrington,2026-02-05T12:59:08.859Z,true,2026-02-05T12:59:09.026Z,2026-02-05T12:59:09.026Z,newsletter,everyone,"An Interview With Dr. Jody Carrington on Trauma, Connection, and Feeling Seen","On loneliness, burnout, emotional regulation, and the work of staying in the room with each other.",
186611375.the-nihilist-penguin,2026-02-02T17:58:25.517Z,true,2026-02-02T17:58:25.718Z,2026-02-02T17:58:25.718Z,newsletter,everyone,The Nihilist Penguin,What a viral clip reveals about the urge to walk away,
186298556.the-psychology-of-stand-up-comedy,2026-01-30T16:10:17.786Z,true,2026-01-30T16:10:17.931Z,2026-01-30T16:10:17.931Z,newsletter,everyone,The Psychology of Stand-Up Comedy,"What research reveals about attention, emotional regulation, vulnerability, and the minds drawn to the stage",
185723076.do-you-feel-it-when-someone-is-staring,2026-01-25T15:38:24.221Z,true,2026-01-25T15:38:24.397Z,2026-01-25T15:38:24.397Z,newsletter,everyone,Do You Feel It When Someone Is Staring at You?,"A century-long psychological debate about attention, perception, and the limits of the mind",
185190079.understanding-tourette-syndrome-beyond,2026-01-20T16:33:21.296Z,true,2026-01-20T16:33:21.440Z,2026-01-20T16:33:21.440Z,newsletter,everyone,Understanding Tourette Syndrome Beyond the Stereotypes,"What the film I Swear reveals about misunderstanding, stigma, and why education matters more than sympathy",
184644704.music-memory-and-the-life-stories,2026-01-16T16:41:39.346Z,true,2026-01-16T16:41:39.544Z,2026-01-16T16:41:39.544Z,newsletter,everyone,"Music, Memory, and the Life Stories We Listen To","How playlists become emotional archives, preserve identity, and shape who we are over time",
184420908.why-doing-nothing-feels-so-hard,2026-01-13T16:59:55.350Z,true,2026-01-13T16:59:55.564Z,2026-01-13T16:59:55.564Z,newsletter,everyone,Why Doing Nothing Feels So Hard,"What a famous psychology experiment reveals about the mind’s default mode, attention, and our uneasy relationship with inner quiet",
184327682.494,,false,,,newsletter,only_paid,,,
184316367.sponsorship,2026-01-12T15:03:46.614Z,true,,,page,everyone,Sponsorship,,
184124435.the-craving-to-be-appreciated,2026-01-10T20:53:13.917Z,true,2026-01-10T20:53:14.081Z,2026-01-10T20:53:14.081Z,newsletter,everyone,The Craving to Be Appreciated,"What William James, psychology, and everyday life reveal about one of our deepest human needs",
183892390.ordinary-people-extraordinary-harm,2026-01-08T16:41:13.401Z,true,2026-01-08T16:41:13.656Z,2026-01-08T16:41:13.656Z,newsletter,everyone,"Ordinary People, Extraordinary Harm","A conversation with Jack El-Hai on history, psychology, and moral judgment",
183663558.passive-aggression-when-hostility,2026-01-06T15:19:39.492Z,true,2026-01-06T15:19:39.694Z,2026-01-06T15:19:39.694Z,newsletter,everyone,Passive Aggression: When Hostility Hides in Plain Sight,"Why resentment, contempt, and avoidance so often come out sideways",
183285273.the-placebo-effect-how-expectation,2026-01-03T19:44:40.315Z,true,2026-01-03T19:44:40.499Z,2026-01-03T19:44:40.499Z,newsletter,everyone,The Placebo Effect: How Expectation Shapes Experience,"From everyday performance to pain, healing, and the brain",
183055424.a-new-year-a-thank-you-and-a-small,2026-01-01T13:48:45.692Z,true,2026-01-01T13:48:45.874Z,2026-01-01T13:48:45.874Z,newsletter,everyone,"A New Year, a Thank You, and a Small Gift","A wish for 2026, and a free psychology book to say thanks for being part of this journey",
182691427.the-psychology-of-stranger-things,2025-12-27T18:26:01.000Z,true,2025-12-27T18:26:01.282Z,2025-12-27T18:26:01.282Z,newsletter,everyone,The Psychology of Stranger Things,"How trauma, grief, friendship, and resilience shape us when fear doesn’t disappear",
182412097.when-reading-doesnt-look-the-same,2025-12-23T16:34:34.210Z,true,2025-12-23T16:34:34.452Z,2025-12-23T16:34:34.452Z,newsletter,everyone,When Reading Doesn’t Look the Same for Everyone,"A journey into imagination, inner imagery, and the overlooked phenomenon of aphantasia",
182171818.why-that-sounds-like-me-is-such-a,2025-12-20T18:31:00.263Z,true,2025-12-20T18:31:00.432Z,2025-12-20T18:31:00.432Z,newsletter,everyone,Why “That Sounds Like Me” Is Such a Powerful Feeling,"The psychology behind personal insight, validation, and misplaced certainty",
181890622.believing-is-seeing,2025-12-17T19:36:32.437Z,true,2025-12-17T19:36:32.603Z,2025-12-17T19:36:32.603Z,newsletter,everyone,Believing Is Seeing,"How illusions, attention, and expectation shape what we notice, remember, and feel certain about",
181678929.why-popcorn-tastes-better-when-you,2025-12-15T15:31:17.998Z,true,2025-12-15T15:31:18.193Z,2025-12-15T15:31:18.193Z,newsletter,everyone,Why Popcorn Tastes Better When You Eat It with Chopsticks,The psychology of hedonic adaptation and how small changes can make familiar pleasures feel new again,
181504963.if-youve-started-the-book-can-i-ask,2025-12-13T12:01:00.682Z,false,2025-12-13T12:01:00.961Z,2025-12-13T12:01:00.961Z,adhoc_email,only_paid,"If you’ve started the book, can I ask a small favor?",,
181227949.why-we-enjoy-others-missteps,2025-12-10T16:01:22.175Z,true,2025-12-10T16:01:22.393Z,2025-12-10T16:01:22.393Z,newsletter,everyone,Why We Enjoy Others’ Missteps,The Psychology of Schadenfreude,
181227832.bd2,,false,,,newsletter,only_paid,,,
181227797.e42,,false,,,newsletter,only_paid,,,
181142387.your-free-copy-of-why-we-are-the,2025-12-09T14:02:20.366Z,false,2025-12-09T14:02:20.589Z,2025-12-09T14:02:20.589Z,adhoc_email,only_paid,Your Free Copy of Why We Are the Way We Are,,
180945883.why-antifragility-matters,2025-12-07T13:36:58.543Z,true,2025-12-07T13:36:58.736Z,2025-12-07T13:36:58.736Z,newsletter,everyone,Why Antifragility Matters,"How small challenges help us grow, adapt, and live with more confidence in an unpredictable world",
180711676.my-new-psychology-book-is-here,2025-12-04T18:00:18.424Z,true,2025-12-04T18:00:18.672Z,2025-12-04T18:00:18.672Z,newsletter,everyone,My New Psychology Book Is Here,"A curated collection of insights, stories, and psychological science from the All About Psychology Substack",
180422182.why-rage-bait-works,2025-12-01T22:36:16.744Z,true,2025-12-01T22:36:17.166Z,2025-12-01T22:36:17.166Z,newsletter,everyone,Why Rage Bait Works,"The psychology behind engineered outrage, why it spreads so fast, how it affects us, and what we can do about it",
180249970.why-we-love-mysteries,2025-11-29T16:55:12.958Z,true,2025-11-29T16:55:13.159Z,2025-11-29T16:55:13.159Z,newsletter,everyone,Why We Love Mysteries,"How curiosity, reward, and the promise of closure keep our minds chasing the unknown",
179926678.why-certain-coincidences-feel-so,2025-11-25T17:10:28.859Z,true,2025-11-25T17:10:29.151Z,2025-11-25T17:10:29.151Z,newsletter,everyone,Why Certain Coincidences Feel So Meaningful,The psychology of synchronicity and why these uncanny moments linger long after they happen,
179591068.the-psychology-of-smiling,2025-11-22T21:20:11.002Z,true,2025-11-22T21:20:11.209Z,2025-11-22T21:20:11.209Z,newsletter,everyone,The Psychology of Smiling,"How a Simple Expression Evolved, Communicates, and Shapes the Way We Feel",
179389569.psychology-classics-an-experimental,2025-11-20T11:15:48.339Z,true,2025-11-20T11:15:48.891Z,2025-11-20T11:15:48.891Z,newsletter,everyone,Psychology Classics: An Experimental Study of Apparent Behavior,A landmark investigation into interpersonal perception and the attribution process,
179252110.the-psychology-of-art,2025-11-18T17:13:37.053Z,true,2025-11-18T17:13:37.325Z,2025-11-18T17:13:37.325Z,newsletter,everyone,The Psychology of Art,"What Happens in the Mind When We See, Feel, and Create",
179000314.the-psychology-of-what-if,2025-11-15T23:45:59.535Z,true,2025-11-15T23:45:59.737Z,2025-11-15T23:45:59.737Z,newsletter,everyone,The Psychology of What If,"How Counterfactual Thinking Shapes Regret, Meaning, and the Stories We Tell Ourselves",
178795733.the-burnout-question,2025-11-13T16:32:36.201Z,true,2025-11-13T16:32:36.613Z,2025-11-13T16:32:36.613Z,newsletter,everyone,The Burnout Question,"Why Some Say It Isn’t Real, and What the Science Tells Us Instead",
178496376.the-psychology-of-asmr,2025-11-10T14:40:14.432Z,true,2025-11-10T14:40:14.622Z,2025-11-10T14:40:14.622Z,newsletter,everyone,The Psychology of ASMR,How Soothing Sounds Calm the Mind and Stir the Senses,
178352143.the-power-of-small-talk,2025-11-08T21:12:56.622Z,true,2025-11-08T21:12:56.764Z,2025-11-08T21:12:56.764Z,newsletter,everyone,The Power of Small Talk,"How Casual Conversations Build Connection, Boost Mood, and Make Us Happier Than We Expect",
178176694.why-that-song-wont-leave-your-head,2025-11-06T15:35:35.277Z,true,2025-11-06T15:35:35.437Z,2025-11-06T15:35:35.437Z,newsletter,everyone,Why That Song Won’t Leave Your Head,"Inside the psychology of earworms, the science of musical memory, and what actually works to quiet them",
177975245.when-therapy-reaches-its-limit,2025-11-04T13:40:56.161Z,true,2025-11-04T13:40:56.313Z,2025-11-04T13:40:56.313Z,newsletter,everyone,When Therapy Reaches Its Limit,"Psychiatrist Dr. Jason Shimiaie on knowing when to keep going, when to refer out, and how to find meaning in therapeutic endings",
177784177.psychology-classics-a-theory-of-human,2025-11-02T13:40:30.962Z,true,2025-11-02T13:40:31.131Z,2025-11-02T13:40:31.131Z,newsletter,everyone,Psychology Classics: A Theory of Human Motivation,Abraham Maslow on the hierarchy of needs and what drives us,
177637308.the-halloween-psychology-collection,2025-10-31T13:19:33.993Z,true,2025-10-31T13:19:34.154Z,2025-10-31T13:19:34.154Z,newsletter,everyone,The Halloween Psychology Collection,"Six fascinating articles that explore fear, belief, and the strange ways our minds respond to the unknown.",
177551295.join-my-new-subscriber-chat,,false,,,newsletter,only_paid,,,
177366268.what-gives-us-the-creeps,2025-10-28T15:26:10.889Z,true,2025-10-28T15:26:11.037Z,2025-10-28T15:26:11.037Z,newsletter,everyone,What Gives Us the Creeps?,"Why our instincts sometimes misfire, and what this eerie emotion reveals about how we judge people and threats.",
177088165.why-your-brain-wont-let-go-of-unfinished,2025-10-25T21:07:43.234Z,true,2025-10-25T21:07:43.386Z,2025-10-25T21:07:43.386Z,newsletter,everyone,Why Your Brain Won’t Let Go of Unfinished Business,"The psychology behind the Zeigarnik Effect, and how understanding it can boost focus, motivation, and peace of mind.",
176817241.the-tapering-trap,2025-10-23T10:48:22.360Z,true,2025-10-23T10:48:22.521Z,2025-10-23T10:48:22.521Z,newsletter,everyone,The Tapering Trap,Antidepressant Withdrawal vs. Relapse,
176664142.psychology-classics-conditioned-emotional,2025-10-20T18:03:34.841Z,true,2025-10-20T18:03:35.016Z,2025-10-20T18:03:35.016Z,newsletter,everyone,Psychology Classics: Conditioned Emotional Reactions,John B. Watson and Rosalie Rayner’s infamous Little Albert experiment and its lasting legacy,
176488140.how-to-stop-beating-yourself-up-after,2025-10-18T16:34:25.289Z,true,2025-10-18T16:34:25.422Z,2025-10-18T16:34:25.422Z,newsletter,everyone,How to Stop Beating Yourself Up After Mistakes,"Lessons from psychology on how to reset, refocus, and go easier on yourself when things go wrong.",
176329036.the-psychology-of-the-traitors,2025-10-16T16:13:15.467Z,true,2025-10-16T16:13:15.587Z,2025-10-16T16:13:15.587Z,newsletter,everyone,The Psychology of The Traitors,"What the hit reality show reveals about trust, deception, and how we read other people",
176131873.why-we-love-to-be-scared,2025-10-14T16:41:39.371Z,true,2025-10-14T16:41:39.799Z,2025-10-14T16:41:39.799Z,newsletter,everyone,Why We Love to Be Scared,The psychology of recreational fear and what it reveals about our need for safe thrills,
175938846.psychology-classics-784,2025-10-12T10:06:02.038Z,true,2025-10-12T10:06:02.205Z,2025-10-12T10:06:02.205Z,newsletter,everyone,Psychology Classics,Play And its Role in The Mental Development of The Child by Lev Vygotsky ,
175787506.why-we-believe-the-unbelievable-professor,2025-10-10T11:52:01.141Z,true,2025-10-10T11:52:01.267Z,2025-10-10T11:52:01.267Z,newsletter,everyone,Why We Believe the Unbelievable: Professor Chris French on the Psychology of the Paranormal,Anomalistic psychology sheds light on the science and the human need behind supernatural beliefs.,
175617045.why-revenge-feels-sweet-and-turns,2025-10-08T17:47:36.055Z,true,2025-10-08T17:47:36.392Z,2025-10-08T17:47:36.392Z,newsletter,everyone,Why Revenge Feels Sweet and Turns Bitter,The psychological science behind why payback rarely brings peace,
175336118.why-your-brain-loves-it-when-you,2025-10-05T15:47:37.989Z,true,2025-10-05T15:47:38.122Z,2025-10-05T15:47:38.122Z,newsletter,everyone,Why Your Brain Loves it When You Dance,The surprising psychology behind busting a move,
175253137.740,,false,,,newsletter,only_paid,,,
175176496.psychology-classics-9a3,2025-10-03T11:24:10.521Z,true,2025-10-03T11:24:10.720Z,2025-10-03T11:24:10.720Z,newsletter,everyone,Psychology Classics,The History of the Psychoanalytic Movement by Sigmund Freud,
174918231.the-psychology-of-nostalgia-why-everything,2025-09-30T12:24:41.181Z,true,2025-09-30T12:24:41.328Z,2025-09-30T12:24:41.328Z,newsletter,everyone,The Psychology of Nostalgia: Why Everything You Think You Know Is Wrong,"From sadness as a trigger to memories you never lived, discover five surprising truths about one of our most powerful and misunderstood emotions",
174694775.psychological-generosity,2025-09-27T21:30:45.366Z,true,2025-09-27T21:30:45.529Z,2025-09-27T21:30:45.529Z,newsletter,everyone,Psychological Generosity,Why Giving Your Attention Matters More Than You Think,
174453322.psychology-classics-5c8,2025-09-24T16:50:25.951Z,true,2025-09-24T16:50:26.089Z,2025-09-24T16:50:26.089Z,newsletter,everyone,Psychology Classics,The Feeling of Inferiority and the Striving for Recognition by Alfred Adler,
174158909.the-psychology-of-fun,2025-09-21T15:43:18.354Z,true,2025-09-21T15:43:18.434Z,2025-09-21T15:43:18.434Z,newsletter,everyone,The Psychology of Fun,"What science says about why fun matters for health, learning, and connection, and how to design more of it into daily life",
173782033.the-dancing-plague-of-1518,2025-09-16T21:50:30.066Z,true,2025-09-16T21:50:30.173Z,2025-09-16T21:50:30.173Z,newsletter,everyone,The Dancing Plague of 1518,"A look at Strasbourg’s mysterious dancing mania, the hardship and fear that fueled it, and what it teaches us about psychology, culture, and collective behavior",
173507753.psychology-classics-f06,2025-09-13T13:44:40.900Z,true,2025-09-13T13:44:40.977Z,2025-09-13T13:44:40.977Z,newsletter,everyone,Psychology Classics,The Myth of Mental Illness by Thomas Szasz,
173165064.how-to-take-a-break-from-social-media,2025-09-09T13:38:28.612Z,true,2025-09-09T13:38:28.770Z,2025-09-09T13:38:28.770Z,newsletter,everyone,How to Take a Break from Social Media Without Losing Your Life Online,"What the research says about social media, and a step by step reset to improve your mood, sleep, and focus",
172856027.inside-hitlers-mind-the-first-political,2025-09-05T14:02:29.713Z,true,2025-09-05T14:02:29.814Z,2025-09-05T14:02:29.814Z,newsletter,everyone,Inside Hitler’s Mind: The First Political Psychological Profile,"How a secret wartime study shaped strategic intelligence, leadership studies, and the psychology of power",
172554097.the-psychology-of-poetry-why-poems,2025-09-02T14:30:28.905Z,true,2025-09-02T14:30:28.991Z,2025-09-02T14:30:28.991Z,newsletter,everyone,The Psychology of Poetry: Why Poems Move Minds,"How reading and writing verse can lift mood, sharpen thinking, and help us make sense of life",
172547126.c70,,false,,,newsletter,only_paid,,,
172385537.5-fabulous-facts-all-psychology-lovers,2025-08-31T09:21:13.152Z,true,2025-08-31T09:21:13.246Z,2025-08-31T09:21:13.246Z,newsletter,everyone,5 Fabulous Facts All Psychology Lovers Should Know,"Psychology is full of surprises, and these five facts show just how wide and wonderful the field can be.",
171834962.psychology-classics-75a,2025-08-25T14:24:16.991Z,true,2025-08-25T14:24:17.075Z,2025-08-25T14:24:17.075Z,newsletter,everyone,Psychology Classics,Rational Psychotherapy and Individual Psychology by Albert Ellis,
171690092.why-we-judge-too-quickly-understanding,2025-08-22T22:49:58.051Z,true,2025-08-22T22:49:58.158Z,2025-08-22T22:49:58.158Z,newsletter,everyone,Why We Judge Too Quickly: Understanding the Fundamental Attribution Error,How a common thinking trap shapes the way we see others and ourselves,
171381653.jungs-red-book-searching-for-meaning,2025-08-19T18:24:35.212Z,true,2025-08-19T18:24:35.344Z,2025-08-19T18:24:35.344Z,newsletter,everyone,Jung’s Red Book: Searching for Meaning in Times of Crisis,How Carl Jung faced his inner collapse and what it reveals about our own struggle for meaning in uncertain times,
171272082.psychology-classics-484,2025-08-18T14:12:17.200Z,true,2025-08-18T14:12:17.299Z,2025-08-18T14:12:17.299Z,newsletter,everyone,Psychology Classics,Lightner Witmer’s 1907 blueprint for clinical psychology,
171131282.echoism-why-you-put-others-first,2025-08-16T15:33:56.483Z,true,2025-08-16T15:33:56.581Z,2025-08-16T15:33:56.581Z,newsletter,everyone,Echoism: Why You Put Others First,"What it means, where it starts, and how to speak up without feeling selfish.",
170956213.all-about-psychology-newsletter-096,2025-08-14T14:30:03.729Z,true,2025-08-14T14:30:03.821Z,2025-08-14T14:30:03.821Z,newsletter,everyone,All About Psychology Newsletter,The surprising psychology of spoilers. The Stanford Prison Experiment Begins. The Anchoring Effect.,
170771517.why-we-get-bored-and-why-being-called,2025-08-12T16:00:02.962Z,true,2025-08-12T16:00:03.098Z,2025-08-12T16:00:03.098Z,newsletter,everyone,Why We Get Bored (and Why Being Called Boring Hurts So Much),"A psychological look at boredom, the “boring person” label, and how this much-maligned emotion can sometimes work to our advantage.",
170359710.psychology-classics-a67,2025-08-07T14:24:46.390Z,true,2025-08-07T14:24:46.561Z,2025-08-07T14:24:46.561Z,newsletter,everyone,Psychology Classics,The Influence of Darwin on Psychology by James Rowland Angell,
169994562.the-psychology-of-love-island,2025-08-03T12:37:49.664Z,true,2025-08-03T12:37:49.742Z,2025-08-03T12:37:49.742Z,newsletter,everyone,The Psychology of Love Island,"How FOMO, social-media hype, and picture-perfect bodies keep millions glued to a villa full of strangers - and what that says about us.",
169555640.psychology-classics,2025-07-29T15:11:58.536Z,true,2025-07-29T15:11:58.622Z,2025-07-29T15:11:58.622Z,newsletter,everyone,Psychology Classics,Persons or Science? A Philosophical Question by Carl Rogers,
169223021.chasing-rainbows,2025-07-26T13:07:06.403Z,true,2025-07-26T13:07:06.503Z,2025-07-26T13:07:06.503Z,newsletter,everyone,Chasing Rainbows,"On yearning, disappointment, and why we chase what we may never reach",
168928556.the-gen-z-stare,2025-07-22T12:25:14.325Z,true,2025-07-22T12:25:14.415Z,2025-07-22T12:25:14.415Z,newsletter,everyone,The Gen Z Stare,"How a blank face became Gen Z’s silent signal and what psychology says about the anxiety, authenticity, and miscommunication beneath it",
168694459.all-about-psychology-newsletter-e4f,2025-07-20T14:27:58.877Z,true,2025-07-20T14:27:58.972Z,2025-07-20T14:27:58.972Z,newsletter,everyone,All About Psychology Newsletter,Imaginary Friends. The Trial That Gave Us the Word 'Psychopath'. Do Social Butterflies Struggle at Love?,
167888173.cool-people,2025-07-09T14:43:05.779Z,true,2025-07-09T14:43:05.879Z,2025-07-09T14:43:05.879Z,newsletter,everyone,Cool People,What Psychology Reveals About Their Global Appeal,
167425474.the-psychology-music-chart,2025-07-03T15:07:17.218Z,true,2025-07-03T15:07:17.311Z,2025-07-03T15:07:17.311Z,newsletter,everyone,The Psychology Music Chart,"A just-for-fun collection of top tunes that sound like they could’ve been written in honor of psychology’s greatest minds, theories, and studies.",
167026032.timeless-psychology-classic-insights,2025-06-28T14:00:16.570Z,true,2025-06-28T14:00:16.682Z,2025-06-28T14:00:16.682Z,newsletter,everyone,Timeless Psychology: Classic Insights into Life and Human Behavior,William James and The Great San Francisco Earthquake,
166794600.2b6,,false,,,podcast,only_paid,,,
166576690.ab6,,false,,,newsletter,only_paid,,,
166517972.what-do-our-dreams-really-mean,2025-06-23T14:00:41.259Z,true,2025-06-23T14:00:41.343Z,2025-06-23T14:00:41.343Z,newsletter,everyone,What Do Our Dreams Really Mean?,Exploring the Psychology of Our Sleeping Minds,
165931070.why-losing-a-dog-feels-like-losing,2025-06-14T13:17:09.988Z,true,2025-06-14T13:17:10.108Z,2025-06-14T13:17:10.108Z,newsletter,everyone,Why Losing a Dog Feels Like Losing a Part of Yourself,"A deeply human look at pet grief, attachment, and the psychology behind the pain of saying goodbye",
165616726.all-about-psychology-newsletter-d57,2025-06-10T15:04:24.609Z,true,2025-06-10T15:04:24.712Z,2025-06-10T15:04:24.712Z,newsletter,everyone,All About Psychology Newsletter,The Psychology of Trust. The Ethics Debate That Changed Psychology. The Fear of Doing Nothing. Hallucinatory obliviousness.,
165091132.the-isolator,2025-06-03T12:53:06.797Z,true,2025-06-03T12:53:06.891Z,2025-06-03T12:53:06.891Z,newsletter,everyone,The Isolator,The Eccentric Productivity Hack That Was Decades Ahead of Its Time,
164630850.satanic-messages-in-music,2025-05-28T13:03:41.622Z,true,2025-05-28T13:03:41.706Z,2025-05-28T13:03:41.706Z,newsletter,everyone,Satanic Messages in Music?,"The strange psychology of backmasking, belief, and auditory illusion",
163792217.the-woman-who-feels-no-fear,2025-05-18T13:01:34.819Z,true,2025-05-18T13:01:34.916Z,2025-05-18T13:01:34.916Z,newsletter,everyone,The Woman Who Feels No Fear,The Incredible Case of S.M.,
163315509.all-about-psychology-newsletter-1d9,2025-05-11T12:14:24.178Z,true,2025-05-11T12:14:24.297Z,2025-05-11T12:14:24.297Z,newsletter,everyone,All About Psychology Newsletter,"The Psychology of Friendship. Wonder Woman, Lie Detectors & The Coolest Psychologist of the 20th Century. Chronic Stress.",
162963787.the-psychology-of-daydreaming,2025-05-06T14:00:04.667Z,true,2025-05-06T14:00:04.788Z,2025-05-06T14:00:04.788Z,newsletter,everyone,The Psychology of Daydreaming,Why Your Mind Wanders and What It Means,
162253208.all-about-psychology-newsletter-cf0,2025-04-27T12:45:01.879Z,true,2025-04-27T12:45:01.999Z,2025-04-27T12:45:01.999Z,newsletter,everyone,All About Psychology Newsletter,Psychological Torture. The Curious Case of Clever Hans. Social Identity Theory,
161726659.what-kind-of-introvert-are-you,2025-04-20T11:59:13.518Z,true,2025-04-20T11:59:13.587Z,2025-04-20T11:59:13.587Z,newsletter,everyone,What Kind of Introvert Are You?,Exploring the Four Shades of Introversion,
161221614.all-about-psychology-newsletter-4f6,2025-04-13T11:59:13.780Z,true,2025-04-13T11:59:13.855Z,2025-04-13T11:59:13.855Z,newsletter,everyone,All About Psychology Newsletter,Aloneness vs Loneliness. Freud Reaches Out to Jung. Obedience to Authority.,
160647057.psychology-visualized,2025-04-05T14:34:28.109Z,true,2025-04-05T14:34:28.172Z,2025-04-05T14:34:28.172Z,newsletter,everyone,"Psychology, Visualized",I'm Breathing New Life Into My YouTube Channel,
160278092.all-about-psychology-newsletter-3ad,2025-04-01T14:03:07.568Z,true,2025-04-01T14:03:07.645Z,2025-04-01T14:03:07.645Z,newsletter,everyone,All About Psychology Newsletter,Embracing Uncertainty. Abraham Maslow. Why do I get so impatient?,
159746127.how-to-stop-overthinking,2025-03-24T19:05:25.163Z,true,2025-03-24T19:05:25.281Z,2025-03-24T19:05:25.281Z,newsletter,everyone,How to Stop Overthinking,Science-Backed Strategies to Break the Cycle,
159534548.all-about-psychology-newsletter-509,2025-03-21T11:06:30.885Z,true,2025-03-21T11:06:30.973Z,2025-03-21T11:06:30.973Z,newsletter,everyone,All About Psychology Newsletter,Airport Psychology. Stroop Effect. Psychology Word Search Puzzles. Rosy Retrospection.,
159123375.the-authoritarian-personality,2025-03-15T17:36:04.086Z,true,2025-03-15T17:36:04.166Z,2025-03-15T17:36:04.166Z,newsletter,everyone,The Authoritarian Personality,Then and Now,
158164887.nature-imagery-and-mental-well-being,2025-03-01T18:30:48.433Z,true,2025-03-01T18:30:48.516Z,2025-03-01T18:30:48.516Z,newsletter,everyone,Nature Imagery and Mental Well-Being,,
158159230.all-about-psychology-newsletter-0e3,2025-03-08T16:24:29.212Z,true,2025-03-08T16:24:29.280Z,2025-03-08T16:24:29.280Z,newsletter,everyone,All About Psychology Newsletter,"Hybristophilia: The Psychology Behind Attraction to Criminals. Eminent Women in Psychology. Self, Consciousness, and Being: The Transcendent Perspective. What is an enmeshed relationship?",
157738031.interview-with-professor-richard,2025-02-23T13:41:28.501Z,true,2025-02-23T13:41:28.621Z,2025-02-23T13:41:28.621Z,newsletter,everyone,Interview with Professor Richard Nisbett,"Exploring the Mind: Human Reasoning, Intelligence, and the Science of Thought",
157312667.in-memory-of-wilhelm-wundt,2025-02-17T12:58:47.203Z,true,2025-02-17T12:58:47.285Z,2025-02-17T12:58:47.285Z,newsletter,everyone,In Memory of Wilhelm Wundt,,
156846579.all-about-psychology-newsletter-61b,2025-02-10T19:11:43.079Z,true,2025-02-10T19:11:43.199Z,2025-02-10T19:11:43.199Z,newsletter,everyone,All About Psychology Newsletter,"The Brainwashing Myth. The Eyes, They (Sometimes) Lie. The Bobo Doll Experiment. The Psychology of Celebrity Crushes.",
156171245.cute-aggression,2025-01-31T15:39:51.835Z,true,2025-01-31T15:39:51.912Z,2025-01-31T15:39:51.912Z,newsletter,everyone,Cute Aggression,"Discover the science of cute aggression: why we want to squish adorable things, its evolutionary roots, and how it helps regulate emotions.",
155612531.all-about-psychology-newsletter-0f6,2025-01-24T18:40:07.763Z,true,2025-01-24T18:40:07.861Z,2025-01-24T18:40:07.861Z,newsletter,everyone,All About Psychology Newsletter,The Hedonistic Treadmill. The 'Psychopath': A Chilling Insight from 1885. The Psychology of Sudden Religious Conversion. Coping with Loneliness.,
155009352.interview-with-professor-elizabeth,2025-01-17T12:07:58.752Z,true,2025-01-17T12:07:58.837Z,2025-01-17T12:07:58.837Z,newsletter,everyone,Interview With Professor Elizabeth Loftus,"I recently had the honor of interviewing Professor Elizabeth Loftus, a world-renowned expert on memory, who shared fascinating insights into how our memories can be shaped, altered, and even created.",
154479484.the-psychology-symbol,2025-01-09T18:36:34.803Z,true,2025-01-09T18:36:34.918Z,2025-01-09T18:36:34.918Z,newsletter,everyone,The Psychology Symbol,"Origins, Meaning, and Legacy.",
154077055.all-about-psychology-newsletter-e8d,2025-01-04T11:45:48.663Z,true,2025-01-04T11:45:48.765Z,2025-01-04T11:45:48.765Z,newsletter,everyone,All About Psychology Newsletter,What is Déjà vu? The Three Christs of Ypsilanti. The Influence of Darwin on Psychology. What Does Sensory Deprivation Do to a Person?,
153715517.interview-with-professor-david-wilson,2024-12-28T15:15:13.402Z,true,2024-12-28T15:15:13.518Z,2024-12-28T15:15:13.518Z,newsletter,everyone,Interview with Professor David Wilson,Exploring the Minds of Serial Killers and the Discipline of Criminology,
153675097.all-about-psychology-newsletter,,false,,,newsletter,only_paid,,,
153485118.personality-vs-character,2024-12-22T15:44:57.953Z,true,2024-12-22T15:44:58.029Z,2024-12-22T15:44:58.029Z,newsletter,everyone,Personality vs. Character,Exploring the Distinction Between What We Are and Who We Choose to Be,
153153181.all-about-psychology-newsletter-b3f,2024-12-15T12:42:53.179Z,true,2024-12-15T12:42:53.279Z,2024-12-15T12:42:53.279Z,newsletter,everyone,All About Psychology Newsletter,The Unbearable Allure of Cringe. The Birth of Personality Assessment. 365 Lessons on Cognitive Biases. An Experimental Study of Apparent Behavior. Remembering Names.,
152837017.all-about-psychology-newsletter-8a0,2024-12-10T14:32:08.108Z,true,2024-12-10T14:32:08.235Z,2024-12-10T14:32:08.235Z,newsletter,everyone,All About Psychology Newsletter,"Three Myths and Three Facts About Left-Handers. Bystander Apathy. Heredity Environment, and The Question ""How?"" Clutter Blindness.",
152510215.the-cognitive-reflection-test,2024-12-03T14:53:36.024Z,true,2024-12-03T14:53:36.118Z,2024-12-03T14:53:36.118Z,newsletter,everyone,The Cognitive Reflection Test,A Simple Puzzle with Profound Insights into How We Think,
152397579.q-and-a-with-karen-faith,2024-12-01T12:40:02.154Z,true,2024-12-01T12:40:02.262Z,2024-12-01T12:40:02.262Z,newsletter,everyone,Q&A with Karen Faith,"I recently had the privilege of interviewing Karen Faith, a renowned ethnographer and empathy expert who shared powerful stories and insights on empathy, communication, and human connection.",
152183027.all-about-psychology-newsletter-62e,2024-11-26T11:47:59.032Z,true,2024-11-26T11:47:59.109Z,2024-11-26T11:47:59.109Z,newsletter,everyone,All About Psychology Newsletter,"Why Do We Feel Bad When Our Beliefs Don’t Match Our Actions? Morons, Imbeciles and Idiots. The Association Method. Sundowning. ",
151965988.on-this-day-in-psychology-a-showcase,2024-11-21T10:16:13.624Z,true,2024-11-21T10:16:13.696Z,2024-11-21T10:16:13.696Z,newsletter,only_paid,On This Day in Psychology: A Showcase of Great Pioneers and Defining Moments,Free Giveaway,
151933550.thank-you,2024-11-20T17:55:38.463Z,false,2024-11-20T17:55:38.572Z,2024-11-20T17:55:38.572Z,adhoc_email,only_paid,Thank You,,
151870169.all-about-psychology-newsletter-07f,2024-11-19T14:54:16.546Z,true,2024-11-19T14:54:16.599Z,2024-11-19T14:54:16.599Z,newsletter,everyone,All About Psychology Newsletter,"Dark Empaths. Flashed Face Distortion Effect. The Magical Number Seven, Plus or Minus Two. Here’s Looking At You, Mihaly! Behavior Triggers.",
151641259.think-again-discovering-new-insights,2024-11-14T12:24:42.376Z,true,2024-11-14T12:24:42.435Z,2024-11-14T12:24:42.435Z,newsletter,everyone,Think Again: Discovering New Insights by Turning Ideas on Their Head,,
151496548.why-do-we-see-faces-everywhere,2024-11-11T13:35:50.360Z,true,2024-11-11T13:35:50.512Z,2024-11-11T13:35:50.512Z,newsletter,everyone,Why Do We See Faces Everywhere?,,
151203047.all-about-psychology-newsletter-f1c,2024-11-05T18:35:25.185Z,true,2024-11-05T18:35:25.354Z,2024-11-05T18:35:25.354Z,newsletter,everyone,All About Psychology Newsletter,Haven’t We Met Before? On Doppelgangers And Perception. The Virtual Barber Shop. Persons or Science? A Philosophical Question. Asking for a friend. ,
151072392.unveiling-the-psychology-behind-music,2024-11-02T17:36:07.912Z,true,2024-11-02T17:36:08.004Z,2024-11-02T17:36:08.004Z,newsletter,everyone,Unveiling the Psychology Behind Music Reaction Videos,A New Frontier for Research,
150936658.halloween-newsletter,2024-10-31T11:38:08.085Z,true,2024-10-31T11:38:08.153Z,2024-10-31T11:38:08.153Z,newsletter,everyone,Halloween Newsletter,Ouija Boards. Studying the Paranormal. Anomalistic Psychology. Did You Know? Spooky Optical Illusion Art.,
150881494.the-only-thing-we-have-to-fear-is,2024-10-29T12:16:29.629Z,true,2024-10-29T12:16:29.754Z,2024-10-29T12:16:29.754Z,newsletter,everyone,The Only Thing We Have to Fear Is Fear Itself,"Well, That and John. B. Watson in a Clown Mask!",
150755766.martians-panic-and-halloween-hysteria,2024-10-26T14:31:44.898Z,true,2024-10-26T14:31:45.017Z,2024-10-26T14:31:45.017Z,newsletter,everyone,"Martians, Panic, and Halloween Hysteria",The Real Story Behind The War of the Worlds Broadcast,
150607380.all-about-psychology-newsletter-b58,2024-10-23T18:11:32.897Z,true,2024-10-23T18:11:33.153Z,2024-10-23T18:11:33.153Z,newsletter,everyone,All About Psychology Newsletter,Why Are We So Scared of Clowns? A Psychological Analysis of Adolf Hitler. Shared Insights: Curing Crime. The Negativity Bias.,
150472706.houdinis-halloween-legacy,2024-10-20T14:39:21.099Z,true,2024-10-20T14:39:21.278Z,2024-10-20T14:39:21.278Z,newsletter,everyone,Houdini’s Halloween Legacy,Unveiling the Tricks of Spirit Fakers and the Truth Behind His Death,
150413550.all-about-psychology-newsletter-64a,2024-10-18T18:51:05.467Z,true,2024-10-18T18:51:05.623Z,2024-10-18T18:51:05.623Z,newsletter,everyone,All About Psychology Newsletter,Why Does it Feel Good to See Someone Fail? Serial Killer Myths. The Laws of Connection. The Availability Heuristic.,
150250105.all-about-psychology-newsletter-1e6,2024-10-15T12:28:23.055Z,true,2024-10-15T12:28:23.336Z,2024-10-15T12:28:23.336Z,newsletter,everyone,All About Psychology Newsletter,"Why We Love Big, Blood-Curdling Screams. You May Be A Little Smug and You Like Gravy. Pathological: The True Story of Six Misdiagnoses. The Hungry Judge Effect.",
150168582.interview-with-professor-brian-little,2024-10-13T11:43:20.457Z,true,2024-10-13T11:43:20.700Z,2024-10-13T11:43:20.700Z,newsletter,everyone,Interview With Professor Brian Little,Renowned expert in the field of personality assessment and motivation,
150087863.goosebumps-earworms-and-the-power,2024-10-11T12:27:30.807Z,true,2024-10-11T12:27:30.966Z,2024-10-11T12:27:30.966Z,newsletter,everyone,"Goosebumps, Earworms and the Power of Music",,
150008789.psychology-that-makes-you-laughand,2024-10-09T17:28:43.807Z,true,2024-10-09T17:28:44.284Z,2024-10-09T17:28:44.284Z,newsletter,everyone,Psychology That Makes You Laugh...and Then Makes You Think!,,
149914332.all-about-psychology-newsletter-b3b,2024-10-07T13:58:58.244Z,true,2024-10-07T13:58:58.458Z,2024-10-07T13:58:58.458Z,newsletter,everyone,All About Psychology Newsletter,Revisiting Milgram’s Shocking Obedience Experiments. The Spotlight Effect. Why Psychosis Is Not So Crazy. What Is Solastalgia?,
149816854.psychopathic-rulers,2024-10-04T18:45:53.545Z,true,2024-10-04T18:45:53.797Z,2024-10-04T18:45:53.797Z,newsletter,everyone,Psychopathic Rulers,What Has Been Will Be Again,
149748878.the-old-woman-young-woman-illusion,2024-10-03T10:46:29.101Z,true,2024-10-03T10:46:29.352Z,2024-10-03T10:46:29.352Z,newsletter,everyone,The Old Woman Young Woman Illusion,Who did you see first?,
149602923.all-about-psychology-newsletter-d36,2024-09-30T17:54:28.611Z,true,2024-09-30T17:54:29.233Z,2024-09-30T17:54:29.233Z,newsletter,everyone,All About Psychology Newsletter,What’s Your Chronotype? Old School Psychology Homework. Pearls Before Breakfast. Being A People Pleaser.,
149526423.q-and-a-with-todd-b-kashdan-phd,2024-10-01T12:26:09.988Z,true,2024-10-01T12:26:10.327Z,2024-10-01T12:26:10.327Z,newsletter,everyone,"Q&A with Todd B. Kashdan, Ph.D.","Had the pleasure of interviewing Dr. Todd Kashdan, a world renowned expert in well-being, curiosity, psychological flexibility, and resilience.",
149486846.i-can-read-you-like-a-book,2024-09-27T13:12:52.724Z,true,2024-09-27T13:12:53.074Z,2024-09-27T13:12:53.074Z,newsletter,only_paid,I Can Read You Like A Book,,
149464327.the-proofreaders-illusion,2024-09-26T20:17:47.842Z,true,2024-09-26T20:17:48.187Z,2024-09-26T20:17:48.187Z,newsletter,everyone,The Proofreader's Illusion,,
149337600.the-truth-about-the-lie-detector,2024-09-24T12:41:21.472Z,true,2024-09-24T12:41:21.681Z,2024-09-24T12:41:21.681Z,newsletter,everyone,The Truth About The Lie Detector Test,,
149238415.all-about-psychology-newsletter-5b3,2024-09-22T13:37:54.387Z,true,2024-09-22T13:37:57.069Z,2024-09-22T13:37:57.069Z,newsletter,everyone,All About Psychology Newsletter,Misophonia – When Certain Sounds Drive You Crazy. Fifty Shades of Gray (Minus 49!). Emma and Carl Jung. What are the signs and causes of an existential crisis?,
149146439.classic-psychology-journal-articles,2024-09-20T11:59:01.887Z,true,2024-09-20T11:59:02.093Z,2024-09-20T11:59:02.093Z,newsletter,everyone,Classic Psychology Journal Articles,,
149112114.sisu,2024-09-19T19:00:56.975Z,true,2024-09-19T19:00:57.430Z,2024-09-19T19:00:57.430Z,newsletter,everyone,Sisu,Unraveling the Finnish Spirit of Perseverance,
149050482.significant-aspects-of-client-centered,2024-09-18T12:02:45.524Z,true,2024-09-18T12:02:45.702Z,2024-09-18T12:02:45.702Z,newsletter,only_paid,Significant Aspects of Client-Centered Therapy by Carl Rogers,Free Giveaway,
148970277.all-about-psychology-newsletter-3ee,2024-09-16T20:47:40.581Z,true,2024-09-16T20:47:40.796Z,2024-09-16T20:47:40.796Z,newsletter,everyone,All About Psychology Newsletter,When Does Hungry Become Hangry? 'Moral and Physical Causes of Insanity'. Satanic messages in Rock music! How to Deal With Regret. The Feeling of Being Stared At. Psychology Book Marketing.,
148914080.types-of-psychology,2024-09-15T10:50:25.921Z,true,2024-09-15T10:50:26.073Z,2024-09-15T10:50:26.073Z,newsletter,everyone,Types of Psychology,,
148913997.ad2,,false,,,newsletter,only_paid,,,
148890874.words-that-reshape-our-inner-world,2024-09-14T17:04:41.708Z,true,2024-09-14T17:04:41.877Z,2024-09-14T17:04:41.877Z,newsletter,everyone,Words That Reshape Our Inner World,"Neologisms Every Psychology Enthusiast Should Know. ""Sonder""",
148839836.friday-the-13th,2024-09-13T08:01:40.595Z,true,2024-09-13T08:01:40.839Z,2024-09-13T08:01:40.839Z,newsletter,everyone,Friday the 13th!,Just chillax and read 'Superstition in The Pigeon' By B.F. Skinner.,
148799701.the-myth-of-mental-illness-by-thomas,2024-09-12T07:45:40.510Z,true,2024-09-12T07:45:40.658Z,2024-09-12T07:45:40.658Z,newsletter,only_paid,The Myth of Mental Illness By Thomas Szasz,PDF Download,
148776919.the-birthday-paradox,2024-09-11T18:11:40.987Z,true,2024-09-11T18:11:41.105Z,2024-09-11T18:11:41.105Z,newsletter,everyone,The Birthday Paradox,Surprising Coincidences Are More Likely Than You Realize!,
148721109.content-analysis-studies-of-psychotherapy,,false,,,newsletter,only_paid,,,
148641820.the-haunted-swing-illusion,2024-09-08T12:12:24.304Z,true,2024-09-08T12:12:24.450Z,2024-09-08T12:12:24.450Z,newsletter,only_paid,The 'Haunted Swing' illusion,,
148641774.bca,,false,,,newsletter,only_paid,,,
148605213.all-about-psychology-newsletter-f81,2024-09-07T14:38:51.345Z,true,2024-09-07T14:38:51.476Z,2024-09-07T14:38:51.476Z,newsletter,everyone,All About Psychology Newsletter,Real Life Cases of Amnesia That Are Stranger Than Fiction. The Craving To Be Appreciated. Type 1 and Type 2 Errors. Coping with loneliness.,
148605205.e19,,false,,,newsletter,only_paid,,,
148493971.bf-skinner-vs-carl-rogers,2024-09-04T14:45:01.725Z,true,2024-09-04T14:45:01.862Z,2024-09-04T14:45:01.862Z,newsletter,only_paid,B.F. Skinner vs. Carl Rogers,Some Issues Concerning The Control of Human Behavior,
148406447.all-about-psychology-newsletter-005,2024-09-02T19:34:27.904Z,true,2024-09-02T19:34:28.018Z,2024-09-02T19:34:28.018Z,newsletter,everyone,All About Psychology Newsletter,What Do Genes Have to Do with Psychology? Maxims To Live Your Life By. Is the term abnormal psychology fit for purpose? Helicopter parenting. The proofreader's illusion.,
148177596.all-about-psychology-newsletter-d07,2024-08-27T14:59:27.324Z,true,2024-08-27T14:59:27.473Z,2024-08-27T14:59:27.473Z,newsletter,everyone,All About Psychology Newsletter,"How to Tell if a Conspiracy Theory Is Probably False. Flashed Face Distortion Effect. Why We Love Superheroes. A Detective's History of Psychology. It's psychology Jim, but not as we know it!",
147965153.all-about-psychology-newsletter,2024-08-21T16:01:35.161Z,true,2024-08-21T16:01:35.391Z,2024-08-21T16:01:35.391Z,newsletter,everyone,All About Psychology Newsletter,Understanding Folie à Deux: Shared Psychosis Explained. Test Your Powers of Perception. The IKEA effect. Journal of Forensic Psychology.,
147963981.5d1,,false,,,newsletter,everyone,,,
147942693.b26,,false,,,newsletter,everyone,,,
147923915.the-all-about-psychology-newsletter,2024-08-20T13:59:19.078Z,true,2024-08-20T13:59:19.236Z,2024-08-20T13:59:19.236Z,newsletter,everyone,The All About Psychology Newsletter Has Moved to Substack!,,
147885089.coming-soon,2024-08-19T14:46:36.292Z,true,2024-08-19T14:46:36.292Z,2024-08-19T14:46:36.292Z,newsletter,everyone,Coming soon,,
147885088.how-to-use-the-substack-editor,,false,,,newsletter,everyone,,,
